{
    "spanRatio": [
        1.0,
        0.9487041936257914,
        0.8974083872515828
    ],
    "TSR": [
        1.96167749,
        2.15607796,
        2.35047843,
        2.5448789,
        2.7451703,
        2.93957077,
        3.13397124,
        3.32837171,
        3.52866311,
        3.72306358,
        3.91746405,
        4.11186453,
        4.31215592,
        4.50655639,
        4.70095686,
        4.90124826,
        5.09564873,
        5.2900492,
        5.48444967,
        5.68474107,
        5.87914154,
        6.07354201,
        6.26794249,
        6.46823388
    ],
    "Cpmin": {
        "0": [
            -0.769302608,
            -0.77768544,
            -0.77768544,
            -0.77768544,
            -0.77768544,
            -0.777696068,
            -0.77777865,
            -0.777856259,
            -0.777931617,
            -0.778000775,
            -0.778066411,
            -0.778128868,
            -0.778190202,
            -0.778297539,
            -0.778422944,
            -0.778546839,
            -0.778662339,
            -0.778773515,
            -0.778880678,
            -0.778987186,
            -0.779081972,
            -0.779158598,
            -0.779232808,
            -0.779306898
        ],
        "1": [
            -5.8000276,
            -5.1874341,
            -4.49395409,
            -3.73686961,
            -3.03656915,
            -2.50001629,
            -2.08989524,
            -1.7929765,
            -1.60371842,
            -1.47770223,
            -1.37261386,
            -1.29557744,
            -1.22374165,
            -1.17349508,
            -1.13043134,
            -1.08984005,
            -1.06311435,
            -1.03843282,
            -1.01553963,
            -0.994311138,
            -0.97636584,
            -0.95967283,
            -0.944086696,
            -0.928993902
        ],
        "2": [
            -6.47436698,
            -5.78298797,
            -5.26550864,
            -4.54673129,
            -3.81444187,
            -3.17029373,
            -2.60511688,
            -2.15081413,
            -1.82356642,
            -1.62577416,
            -1.49207223,
            -1.38409986,
            -1.29697186,
            -1.22871955,
            -1.17442133,
            -1.12427806,
            -1.09201908,
            -1.06228842,
            -1.03480982,
            -1.0111003,
            -0.989849067,
            -0.970051595,
            -0.951576539,
            -0.934652788
        ]
    }
}